time,seconds_elapsed,bearingAccuracy,speedAccuracy,verticalAccuracy,horizontalAccuracy,speed,bearing,altitude,longitude,latitude
1770950686388000000,0.319,45,1.5,2.2676868438720703,21.26099967956543,0,0,147.10000610351562,-97.7355536,30.2883257
1770950687392000000,1.323,45,1.5,2.87355637550354,36.83000183105469,0.16375812888145447,335.5081787109375,147.10000610351562,-97.7355684,30.2883538
1770950697468000000,11.399,45,1.5,2.3919341564178467,15.668999671936035,2.4265124797821045,107.55531311035156,146.90000915527344,-97.7352947,30.2882776
1770950700216000000,14.147,45,1.5,2.766242265701294,27.634000778198242,6.598984718322754,301.9090881347656,145.2010911541052,-97.735469,30.2883703
1770950706551167500,20.48216748046875,180,0.39606016874313354,2.745591640472412,65.96800231933594,1.3402215242385864,87.9542007446289,144.85836380037944,-97.7355308,30.2884032
1770950707087766000,21.01876611328125,180,0.41715145111083984,2.745591640472412,65.91000366210938,1.3479719161987305,89.5572738647461,144.85836380037944,-97.7355174,30.2883956
1770950707646008300,21.57700830078125,180,0.30107012391090393,2.7100493907928467,66.34400177001953,1.2712100744247437,89.90769958496094,144.66072356029258,-97.735511,30.2883934
1770950708320684500,22.2516845703125,180,0.32763805985450745,2.7100493907928467,66.55000305175781,1.2698403596878052,89.99756622314453,144.66072356029258,-97.7355051,30.2883923
1770950709003010300,22.93401025390625,180,0.2682945132255554,2.699644088745117,66.90499877929688,1.225119948387146,90.0261001586914,144.38529633306285,-97.7355024,30.2883911
1770950709599583500,23.53058349609375,180,0.2268458604812622,2.699644088745117,67.14800262451172,1.1868449449539185,90.00997161865234,144.38529633306285,-97.7355036,30.288391
1770950710243713800,24.1747138671875,180,0.2718491852283478,2.6889312267303467,67.33999633789062,1.1740211248397827,90.00386047363281,144.12038991752647,-97.7355036,30.2883909
1770950710805173000,24.736173095703126,180,0.21031510829925537,2.6889312267303467,67.5009994506836,1.1657068729400635,89.98841094970703,144.12038991752647,-97.7355036,30.2883914
1770950711324728800,25.255728759765624,180,0.25228798389434814,2.694462776184082,67.63999938964844,1.1726807355880737,89.98563385009766,143.80503577613132,-97.7355036,30.2883918
1770950717022000000,30.953000244140625,45,1.5,2.6233530044555664,87.5999984741211,1.1725637912750244,91.67613220214844,142.03031256374993,-97.7354441,30.288387
1770950722554234000,36.485234130859375,180,1.5,2.6233530044555664,36.03300094604492,3.6039981842041016,163.38436889648438,142.03031256374993,-97.7353853,30.2881945
1770950723073752300,37.00475244140625,180,1.5,2.6308248043060303,36.1150016784668,3.436518907546997,164.20831298828125,141.7087380882433,-97.7353825,30.288182
1770950723484482600,37.41548266601563,180,1.5,2.6308248043060303,36.23500061035156,3.0216944217681885,164.61007690429688,141.7087380882433,-97.7353813,30.2881768
1770950724242171100,38.17317114257813,105.55284881591797,0.42423737049102783,2.636946439743042,36.42399978637695,1.2124736309051514,109.41561126708984,141.5784302863934,-97.7353743,30.288182
1770950724820914000,38.75191381835938,108.88035583496094,0.3014269769191742,2.636946439743042,36.678001403808594,1.2662780284881592,89.09656524658203,141.5784302863934,-97.7353702,30.2881819
1770950725267705000,39.198705078125,108.35331726074219,0.3364403247833252,2.6425728797912598,36.88800048828125,1.2681126594543457,88.95277404785156,141.33883722280717,-97.7353673,30.2881829
1770950725809193500,39.740193359375,108.10711669921875,0.2754043638706207,2.6425728797912598,37.19200134277344,1.2960470914840698,70.0009994506836,141.33883722280717,-97.7353629,30.2881845
1770950726385020700,40.316020751953126,108.50068664550781,0.31321433186531067,2.6478078365325928,37.48400115966797,1.3115203380584717,67.27323913574219,141.10555565347846,-97.735359,30.2881873
1770950726983119000,40.914119140625,105.6926040649414,0.25120875239372253,2.6478078365325928,37.80500030517578,1.3671364784240723,19.099071502685547,141.10555565347846,-97.7353567,30.2881925
1770950727543363000,41.47436303710938,98.32849884033203,0.21728771924972534,2.653813600540161,38.141998291015625,1.3086806535720825,345.4447326660156,140.84916339023846,-97.7353603,30.2882006
1770950728027585000,41.9585849609375,99.74271392822266,0.25411853194236755,2.653813600540161,38.70899963378906,1.326853632926941,339.72796630859375,140.84916339023846,-97.7353663,30.2882066
1770950728661858300,42.5928583984375,83.7090835571289,0.24112144112586975,2.66109561920166,39.72800064086914,1.3175225257873535,321.8925476074219,140.4687922292947,-97.7353749,30.2882145
1770950734538000000,48.46899975585937,45,1.5,2.236708879470825,20.780000686645508,1.1319870948791504,336.5199279785156,138.03192314164698,-97.7352772,30.2882701
1770950741862897200,55.79389721679688,180,0.4910222589969635,2.262883186340332,36.244998931884766,0.7444156408309937,89.96977996826172,137.94158470465044,-97.735235,30.2882702
1770950742200867800,56.13186791992187,180,0.5151868462562561,3.292661190032959,36.24700164794922,0.7365667819976807,90,137.70001220703125,-97.735233,30.2882683
1770950742820823000,56.751822998046876,180,0.3732226490974426,3.292661190032959,36.19900131225586,0.6069888472557068,89.9975357055664,137.70001220703125,-97.7352213,30.2882695
1770950743545812500,57.4768125,112.45148468017578,0.3385592997074127,3.2790884971618652,36.28200149536133,0.6430259943008423,348.5545654296875,137.70001220703125,-97.7352224,30.2882686
1770950744550915300,58.48191528320312,105.79820251464844,0.331862211227417,3.2790884971618652,36.44499969482422,0.6217981576919556,349.4552917480469,137.70001220703125,-97.7352261,30.2882721
1770950745288848400,59.21984838867188,108.49647521972656,0.3444302976131439,3.263779401779175,36.57400131225586,0.6243649125099182,347.67071533203125,137.70001220703125,-97.7352281,30.288274
1770950746983844900,60.91484497070312,107.29805755615234,0.34702375531196594,3.2501473426818848,37.0260009765625,0.5773371458053589,348.8271484375,137.70001220703125,-97.735231,30.2882793
1770950748701323300,62.6323232421875,105.81937408447266,0.33474066853523254,3.248704671859741,37.891998291015625,0.535200297832489,354.4322204589844,137.70001220703125,-97.7352329,30.288284
1770950756702000000,70.63300024414062,45,1.5,2.5966551303863525,14.442000389099121,0.5484665036201477,344.2065734863281,140.68628049002598,-97.7353226,30.2882951
1770950763088836000,77.01983618164063,180,1.5,2.6142358779907227,23.33300018310547,0.19975042343139648,299.92657470703125,141.27894086926517,-97.7353342,30.2883003
1770950764162711600,78.09371166992187,102.77458953857422,0.365764856338501,2.620866060256958,23.44499969482422,1.2550104856491089,13.246203422546387,141.42185799461168,-97.7353325,30.2883055
1770950765259540700,79.19054077148438,89.94648742675781,0.263982892036438,2.6280934810638428,23.518999099731445,1.2894116640090942,14.176826477050781,141.43657018646218,-97.7353334,30.288315
1770950766264169000,80.1951689453125,70.75762939453125,0.2546883821487427,2.6343307495117188,23.777999877929688,1.2949985265731812,22.993844985961914,141.47019814806015,-97.7353347,30.2883244
1770950766701251600,80.63225146484375,54.65293502807617,0.19305090606212616,2.6343307495117188,24.041000366210938,1.2356691360473633,28.620746612548828,141.47019814806015,-97.7353365,30.288328
1770950768104206800,82.03520678710937,180,0.25351905822753906,2.646289587020874,24.511999130249023,1.1982903480529785,82.23715209960938,141.71400480218614,-97.7353335,30.2883374
1770950768214737000,82.14573681640626,180,0.25351905822753906,3.0984554290771484,24.71299934387207,1.1877915859222412,90,142.40000915527344,-97.735344,30.2883296
1770950769545327600,83.47632763671875,107.75218963623047,0.23556265234947205,3.1059975624084473,23.079999923706055,1.041021704673767,19.046438217163086,142.40000915527344,-97.7353647,30.2883398
1770950770324477400,84.2554775390625,107.84932708740234,0.30117982625961304,3.1059975624084473,20.67300033569336,1.0331093072891235,22.186702728271484,142.40000915527344,-97.7353674,30.2883438
1770950771008632000,84.93963208007813,105.0749740600586,0.2677902281284332,3.113823652267456,19.714000701904297,1.0113070011138916,22.129440307617188,142.40000915527344,-97.7353678,30.2883463
1770950771765364200,85.6963642578125,102.84532165527344,0.24268868565559387,3.113823652267456,16.840999603271484,0.9836876392364502,20.113475799560547,142.40000915527344,-97.7353683,30.2883484
1770950772505424400,86.43642431640625,102.09575653076172,0.3102538287639618,3.1204421520233154,16.76799964904785,0.969454824924469,19.54804801940918,142.40000915527344,-97.7353685,30.2883504
1770950773604359400,87.535359375,97.09101867675781,0.25294408202171326,3.1254687309265137,15.33899974822998,0.8012645840644836,20.491907119750977,142.40000915527344,-97.7353678,30.2883535
1770950774488626200,88.41962622070312,96.29228973388672,0.3222925364971161,3.1254687309265137,15.718000411987305,0.802936315536499,17.66529655456543,142.40000915527344,-97.7353678,30.2883546
1770950776203372300,90.13437231445313,96.99485778808594,0.33490803837776184,3.1397476196289062,17.260000228881836,0.6486533880233765,13.85179615020752,144.8000030517578,-97.7353662,30.2883589
1770950776479011600,90.41001147460938,90.5839614868164,0.2940797507762909,3.03641939163208,17.54599952697754,0.516431450843811,11.008454322814941,142.00001525878906,-97.7353681,30.2883515
1770950777882294000,91.8132939453125,78.50962829589844,0.31004706025123596,3.0449976921081543,17.27400016784668,0.47209492325782776,310.9974060058594,142.00001525878906,-97.7354195,30.288371
1770950779535213300,93.46621337890625,82.30857849121094,0.277281254529953,3.0547821521759033,15.36400032043457,0.358352929353714,321.85748291015625,143.8994577725578,-97.7354257,30.2883765
1770950780680258800,94.6112587890625,75.06224060058594,0.29722726345062256,3.0614280700683594,15.098999977111816,0.3716162145137787,332.74896240234375,144.0718507376905,-97.7354261,30.2883799
1770950781002874400,94.93387426757812,75.71115112304688,0.30826708674430847,3.0614280700683594,14.982999801635742,0.39488065242767334,329.90240478515625,144.0718507376905,-97.7354259,30.2883809
1770950782104880000,96.03588012695313,70.23663330078125,0.37503165006637573,3.0690016746520996,14.258000373840332,0.6105406880378723,319.30145263671875,144.33465154114668,-97.7354291,30.2883859
1770950783221224200,97.15222412109375,62.127662658691406,0.3845013380050659,3.0745081901550293,15.069999694824219,0.8606189489364624,300.8670349121094,144.4292617963501,-97.7354357,30.288396
1770950784028243700,97.95924365234374,51.92792510986328,0.2932931184768677,3.0745081901550293,15.484999656677246,1.0502716302871704,285.67474365234375,144.4292617963501,-97.7354433,30.2884056
1770950784488753400,98.41975341796875,48.239994049072266,0.23440515995025635,2.641615867614746,15.781000137329102,1.0928884744644165,272.1233825683594,144.8000030517578,-97.735446,30.2884206
1770950784683126800,98.61412670898437,57.454307556152344,0.23911190032958984,2.641615867614746,15.840999603271484,1.091091275215149,261.32794189453125,144.8000030517578,-97.7354505,30.2883835
1770950786162065400,100.0930654296875,57.5312385559082,0.2848716974258423,2.649517297744751,16.155000686645508,1.0756137371063232,250.87379455566406,144.8000030517578,-97.7354586,30.2883799
1770950786864728800,100.79572875976562,56.773841857910156,0.30262935161590576,2.649517297744751,15.755000114440918,1.0394408702850342,254.4969482421875,144.8000030517578,-97.7354616,30.288379
1770950791941336300,105.87233642578126,55.05781936645508,0.2478555589914322,2.6633853912353516,19.847999572753906,0.8742011785507202,258.8692932128906,146.90000915527344,-97.7355054,30.2883757
1770950792692180500,106.62318041992188,51.03675079345703,0.23828397691249847,3.36079740524292,19.959999084472656,0.8156459331512451,231.45790100097656,146.90000915527344,-97.735499,30.2883861
1770950792999368000,106.93036791992188,42.830169677734375,0.27680638432502747,3.36079740524292,18.111000061035156,0.8063428997993469,186.0463409423828,146.90000915527344,-97.7355019,30.2883316
1770950793683910700,107.61491064453125,60.46549987792969,0.2728688418865204,3.36079740524292,17.174999237060547,0.7515456080436707,191.72714233398438,146.90000915527344,-97.7354995,30.2883234
1770950794725151000,108.65615087890625,60.74551010131836,0.31132736802101135,3.2580478191375732,15.732999801635742,0.6909628510475159,128.7388153076172,146.90000915527344,-97.7354981,30.2883165
1770950795408800500,109.33980053710937,60.9604377746582,0.33952200412750244,3.2580478191375732,15.425000190734863,0.7120891213417053,108.31272888183594,146.90000915527344,-97.7354934,30.2883145
1770950795863585500,109.79458544921874,61.332359313964844,0.34014061093330383,3.2069802284240723,15.22700023651123,0.7908033132553101,100.3029556274414,146.90000915527344,-97.7354894,30.2883139
1770950796204278500,110.13527856445313,61.334510803222656,0.34014061093330383,3.2069802284240723,15.079999923706055,0.7943181991577148,99.11375427246094,146.90000915527344,-97.7354865,30.2883136
1770950796783803000,110.71480297851562,59.68821334838867,0.3358612656593323,3.2069802284240723,15.090999603271484,0.9838640093803406,98.455078125,146.90000915527344,-97.7354805,30.2883137
1770950797268488000,111.19948803710938,61.06747055053711,0.35606881976127625,3.251325845718384,14.515000343322754,0.9912247657775879,99.19046020507812,146.90000915527344,-97.7354751,30.2883136
1770950797664931800,111.59593188476562,60.927268981933594,0.33259791135787964,3.251325845718384,14.670999526977539,1.1645679473876953,95.79024505615234,146.90000915527344,-97.7354697,30.2883139
1770950797988435500,111.919435546875,60.68006134033203,0.36569106578826904,3.251325845718384,14.812000274658203,1.1648244857788086,94.84598541259766,146.90000915527344,-97.7354652,30.2883142
1770950798803643600,112.7346435546875,53.98681640625,0.3270196318626404,3.3317484855651855,15.109000205993652,1.2863423824310303,92.81192779541016,146.90000915527344,-97.735454,30.2883146
1770950799203012900,113.13401293945313,52.084083557128906,0.3552147448062897,3.3317484855651855,15.288999557495117,1.2899975776672363,94.70457458496094,146.90000915527344,-97.7354482,30.2883151
1770950799581182700,113.5121826171875,44.858192443847656,0.3002910315990448,3.3317484855651855,15.465999603271484,1.3743919134140015,97.6347885131836,146.90000915527344,-97.7354417,30.2883153
1770950800643855000,114.57485522460938,43.57999038696289,0.28293555974960327,3.1715965270996094,15.972000122070312,1.3556709289550781,134.62307739257812,146.90000915527344,-97.735426,30.2883129
1770950801227725800,115.15872583007813,44.09163284301758,0.3114476203918457,2.513186454772949,16.222000122070312,1.3718044757843018,158.21444702148438,144.8000030517578,-97.7354207,30.288311
1770950801848684000,115.77968408203125,33.81749725341797,0.25087130069732666,2.513186454772949,16.493000030517578,1.3476148843765259,157.815185546875,144.8000030517578,-97.7353896,30.2882721
1770950802769400600,116.70040063476563,33.35686492919922,0.2243501842021942,2.515540599822998,16.118000030517578,1.252042293548584,156.3834686279297,144.8000030517578,-97.7353847,30.2882642
1770950803384914700,117.31591479492188,33.88963317871094,0.2648438811302185,2.515540599822998,15.92199993133545,1.2488905191421509,159.09967041015625,144.8000030517578,-97.7353816,30.2882589
1770950803943551200,117.87455126953125,33.129920959472656,0.21385404467582703,2.5109941959381104,15.692000389099121,1.2118431329727173,161.00645446777344,144.8000030517578,-97.7353793,30.2882538
1770950804523698000,118.45469799804688,33.1799201965332,0.2499101608991623,2.5109941959381104,15.484000205993652,1.2083451747894287,161.906005859375,144.8000030517578,-97.7353772,30.2882484
1770950805063281000,118.99428100585938,32.94668960571289,0.2376493215560913,2.504774808883667,15.265000343322754,1.2140586376190186,160.94500732421875,144.8000030517578,-97.7353751,30.2882435
1770950805659837400,119.59083740234375,30.657636642456055,0.2039579302072525,2.504774808883667,14.960000038146973,1.2087956666946411,161.49795532226562,144.8000030517578,-97.7353723,30.2882379
1770950806144212500,120.07521240234375,30.892715454101562,0.2541384696960449,2.493320941925049,15.130000114440918,1.2070915699005127,163.9842529296875,144.8000030517578,-97.7353702,30.2882334
1770950806741282300,120.6722822265625,30.05329704284668,0.2032305896282196,2.493320941925049,15.315999984741211,1.2398446798324585,164.9676055908203,144.8000030517578,-97.7353674,30.2882269
1770950807263301400,121.19430126953125,30.24401092529297,0.25777456164360046,2.4734060764312744,15.720999717712402,1.2429367303848267,164.421875,144.8000030517578,-97.735365,30.2882212
1770950807860865300,121.791865234375,30.139881134033203,0.20708395540714264,2.4734060764312744,16.08799934387207,1.2604572772979736,162.8904571533203,144.8000030517578,-97.7353616,30.2882142
1770950808362634200,122.29363427734376,30.141366958618164,0.23579728603363037,2.4910573959350586,16.284000396728516,1.257506251335144,162.12171936035156,144.8000030517578,-97.7353586,30.2882083
1770950808941667300,122.87266723632813,27.344642639160156,0.22797057032585144,2.4910573959350586,16.63599967956543,1.2840585708618164,161.1929931640625,144.8000030517578,-97.7353548,30.2882012
1770950809307986000,123.23898583984375,27.429441452026367,0.2697412669658661,2.513523578643799,16.809999465942383,1.29005765914917,161.1661376953125,144.8000030517578,-97.735348,30.288194
1770950809500777200,123.43177709960938,23.90918731689453,0.2636629641056061,2.513523578643799,16.695999145507812,1.2929177284240723,165.2923583984375,144.8000030517578,-97.7353552,30.2881783
1770950810108219600,124.0392197265625,22.26955223083496,0.23846101760864258,2.513523578643799,16.649999618530273,1.3199989795684814,163.32058715820312,144.8000030517578,-97.7353541,30.2881737
1770950810603577000,124.5345771484375,22.405542373657227,0.18259090185165405,2.555405616760254,16.445999145507812,1.3299959897994995,161.3646697998047,144.8000030517578,-97.7353515,30.2881692
1770950811179878000,125.1108779296875,22.16189956665039,0.23758715391159058,2.555405616760254,16.101999282836914,1.3297522068023682,160.4507293701172,144.8000030517578,-97.7353485,30.288163
1770950811662862800,125.59386279296875,22.40540313720703,0.19947294890880585,2.584604263305664,16.02899932861328,1.3357750177383423,158.99618530273438,144.8000030517578,-97.7353451,30.2881578
1770950812203962000,126.13496215820312,22.183382034301758,0.24222591519355774,2.584604263305664,15.92199993133545,1.3349645137786865,155.8990936279297,144.8000030517578,-97.7353414,30.2881518
1770950812639932000,126.57093188476563,21.122961044311523,0.24224363267421722,2.584604263305664,15.812000274658203,1.3828009366989136,147.51455688476562,144.8000030517578,-97.7353369,30.2881471
1770950813123782100,127.0547822265625,22.53302764892578,0.24224363267421722,2.6344339847564697,15.706999778747559,1.398910641670227,121.54551696777344,144.8000030517578,-97.7353311,30.2881424
1770950813844887800,127.7758876953125,22.142648696899414,0.26021671295166016,2.6344339847564697,15.590999603271484,1.374506950378418,70.714599609375,144.8000030517578,-97.7353202,30.2881389
1770950814224302600,128.15530249023436,22.201440811157227,0.26021671295166016,2.655494451522827,15.454000473022461,1.413656234741211,39.63999938964844,143.12543741262698,-97.735314,30.2881416
1770950815647605200,129.57860522460936,21.511966705322266,0.2524082660675049,2.674051523208618,16.070999145507812,1.244677186012268,344.5804443359375,142.9373014382938,-97.7353054,30.2881568
1770950817289546000,131.2205458984375,22.398950576782227,0.34270554780960083,2.698756217956543,16.381000518798828,1.148940920829773,344.7660827636719,142.76966419126313,-97.7353144,30.2881756
1770950817388206000,131.3192060546875,22.420684814453125,0.34270554780960083,2.65370774269104,16.27199935913086,1.1466389894485474,344.7004699707031,142.90000915527344,-97.7353205,30.2881784
1770950818227975700,132.1589755859375,20.937089920043945,0.3158400058746338,2.65370774269104,15.73799991607666,1.0568172931671143,338.4228515625,142.90000915527344,-97.7353236,30.2882151
1770950818984668000,132.91566796875,21.975811004638672,0.3544404208660126,2.6508007049560547,15.109999656677246,0.9594666361808777,337.1147155761719,142.90000915527344,-97.7353259,30.2882204
1770950820664902700,134.59590258789063,21.813701629638672,0.32426127791404724,2.6580801010131836,13.71399974822998,0.7353528738021851,341.10498046875,142.90000915527344,-97.7353314,30.2882293
1770950821583388200,135.51438818359375,21.847030639648438,0.32909858226776123,2.6580801010131836,13.543000221252441,0.5999508500099182,338.48675537109375,142.90000915527344,-97.7353327,30.2882311
1770950822342580200,136.27358032226562,22.020061492919922,0.38107070326805115,2.585927963256836,12.97700023651123,0.5961894392967224,338.051025390625,142.90000915527344,-97.7353341,30.2882329
1770950823224846800,137.15584692382814,22.554183959960938,0.3617778718471527,2.585927963256836,12.944999694824219,0.5122072696685791,338.6352844238281,142.90000915527344,-97.7353359,30.2882348
1770950823927186200,137.8581862792969,24.394025802612305,0.3768235743045807,2.6634836196899414,12.897000312805176,0.5021432638168335,336.66632080078125,142.90000915527344,-97.7353371,30.2882361
1770950825063470600,138.994470703125,23.983760833740234,0.3639514744281769,2.6858837604522705,12.850000381469727,0.5122701525688171,333.8996276855469,142.90000915527344,-97.7353394,30.2882396
1770950825548230000,139.47922998046874,23.977054595947266,0.339728981256485,2.6858837604522705,12.859000205993652,0.4696294069290161,333.84027099609375,142.90000915527344,-97.7353402,30.2882404
1770950825696004900,139.6270048828125,24.02333641052246,0.339728981256485,2.425750732421875,12.866000175476074,0.4673166275024414,333.8606872558594,144.8000030517578,-97.7353399,30.2882385
1770950826401695700,140.33269580078124,20.831459045410156,0.34877151250839233,2.425750732421875,12.609999656677246,0.5378978252410889,325.6322021484375,144.8000030517578,-97.7353451,30.2882711
1770950827178722300,141.10972241210936,20.507104873657227,0.33367443084716797,2.434213161468506,12.38599967956543,0.4780639111995697,324.9262390136719,144.8000030517578,-97.7353462,30.2882746
1770950828165637400,142.0966374511719,21.48063087463379,0.34071165323257446,2.434213161468506,12.107000350952148,0.47784802317619324,323.13311767578125,144.8000030517578,-97.7353485,30.2882778
1770950828764302600,142.69530249023438,21.471811294555664,0.3400118052959442,2.443675994873047,11.906999588012695,0.47497105598449707,321.7873229980469,144.8000030517578,-97.7353499,30.2882797
1770950829844262400,143.77526245117187,22.23407745361328,0.36566928029060364,2.4497087001800537,11.743000030517578,0.4700070917606354,324.8482666015625,144.8000030517578,-97.7353526,30.2882827
1770950830185360600,144.11636059570313,22.035438537597656,0.3722536861896515,2.4497087001800537,11.598999977111816,0.4868420362472534,320.2109069824219,144.8000030517578,-97.7353533,30.2882837
1770950831268129000,145.19912890625,21.42751121520996,0.4393335282802582,2.4566683769226074,11.493000030517578,0.728622555732727,308.1007080078125,144.8000030517578,-97.7353602,30.2882909
1770950832348397000,146.27939697265626,21.75572395324707,0.3621571362018585,2.462345600128174,11.701000213623047,1.072009801864624,285.5021057128906,144.8000030517578,-97.7353764,30.2883041
1770950833224790800,147.15579077148436,21.499608993530273,0.26824045181274414,2.462345600128174,11.645999908447266,1.1956034898757935,269.11480712890625,144.8000030517578,-97.7353949,30.2883136
1770950833666429700,147.5974296875,21.854732513427734,0.2264927327632904,2.4709267616271973,11.586000442504883,1.2013490200042725,260.9985046386719,144.8000030517578,-97.7354047,30.2883171
1770950833776178700,147.7071787109375,21.69070816040039,0.2264927327632904,2.953275442123413,11.541999816894531,1.204594612121582,254.75511169433594,146.90000915527344,-97.7354143,30.2883236
1770950834568193800,148.49919384765624,19.61390495300293,0.28472161293029785,2.953275442123413,11.21399974822998,1.1593964099884033,242.4324951171875,146.90000915527344,-97.7354401,30.2883305
1770950835363505000,149.2945048828125,19.150785446166992,0.30753093957901,2.9573583602905273,10.741000175476074,1.163503885269165,236.30816650390625,146.90000915527344,-97.7354465,30.2883279
1770950836428849700,150.359849609375,20.3829402923584,0.3341871500015259,2.9621922969818115,10.189000129699707,1.0670161247253418,237.9307403564453,146.90000915527344,-97.7354556,30.2883233
1770950837082884600,151.01388452148439,20.34665870666504,0.34696704149246216,2.9621922969818115,10.092000007629395,0.9804897308349609,247.9249725341797,146.90000915527344,-97.7354609,30.2883214
1770950841846896600,155.77789672851563,24.42330551147461,0.23400138318538666,2.703721284866333,9.562999725341797,0.9634182453155518,195.0926971435547,146.90000915527344,-97.7354904,30.2883104
1770950842400824800,156.33182495117188,22.061613082885742,0.2865378260612488,2.703721284866333,10.125,0.9267913699150085,160.65777587890625,146.90000915527344,-97.7355003,30.2883052
1770950842902690000,156.83368994140625,77.58172607421875,0.2666957974433899,2.703721284866333,9.84000015258789,0.8800954818725586,170.42379760742188,146.90000915527344,-97.7354985,30.2883065
1770950843519556600,157.450556640625,180,0.3286973237991333,2.7188057899475098,9.748000144958496,1.1675093173980713,134.16392517089844,146.90000915527344,-97.7354965,30.2883059
1770950843950078200,157.881078125,111.00634765625,0.2937653064727783,2.7188057899475098,9.392999649047852,0.8329611420631409,72.41483306884766,146.90000915527344,-97.735495,30.2883074
1770950844441874400,158.37287451171875,111.08675384521484,0.32390159368515015,2.7188057899475098,9.496000289916992,0.9681761264801025,48.81996536254883,146.90000915527344,-97.7354938,30.2883099
1770950845083698400,159.01469848632811,99.83345794677734,0.3022058308124542,2.734194755554199,9.654000282287598,1.041238784790039,42.644439697265625,146.90000915527344,-97.7354921,30.2883123
1770950845770443500,159.70144360351563,93.46539306640625,0.2664138674736023,2.734194755554199,9.862000465393066,1.109178900718689,42.53738784790039,146.90000915527344,-97.7354897,30.288315
1770950846689630700,160.62063061523438,90.17701721191406,0.2706463038921356,2.741224765777588,10.16100025177002,1.191267728805542,43.0869026184082,146.90000915527344,-97.7354851,30.2883191
1770950847123311000,161.05431103515625,88.69540405273438,0.30468037724494934,2.741224765777588,10.482000350952148,1.239988923072815,44.11471176147461,146.90000915527344,-97.7354836,30.2883203
1770950847701612500,161.63261254882812,85.77603912353516,0.25257351994514465,2.7460343837738037,11.039999961853027,1.3533270359039307,50.94410705566406,146.90000915527344,-97.7354798,30.2883228
1770950848063114800,161.99411474609374,84.76190185546875,0.2966481149196625,2.7460343837738037,11.664999961853027,1.5142968893051147,60.15891647338867,146.90000915527344,-97.7354769,30.2883234
1770950848763793000,162.69479296875,81.24837493896484,0.27066802978515625,2.7495901584625244,12.359999656677246,1.532245397567749,69.98722839355469,146.90000915527344,-97.7354712,30.2883255
1770950849105674800,163.0366748046875,81.20963287353516,0.30043530464172363,2.7495901584625244,13.071000099182129,1.4524885416030884,78.74694061279297,146.90000915527344,-97.7354699,30.2883247
1770950849863650000,163.79465014648437,79.75678253173828,0.2552279531955719,2.7568776607513428,13.814000129699707,1.351177453994751,92.74065399169922,144.8000030517578,-97.7354634,30.2883237
1770950850050607400,163.981607421875,79.56295013427734,0.2552279531955719,2.600344181060791,14.104999542236328,1.4507542848587036,123.61300659179688,146.90000915527344,-97.7354754,30.2883225
1770950850262087400,164.19308740234376,39.657470703125,0.2957473397254944,2.600344181060791,14.163999557495117,1.4819329977035522,147.4595489501953,146.90000915527344,-97.7354008,30.288311
1770950850927854800,164.8588547363281,39.827476501464844,0.26380807161331177,2.600344181060791,14.189000129699707,1.4747323989868164,144.55767822265625,146.90000915527344,-97.7353916,30.2883067
1770950851547072300,165.478072265625,38.45854568481445,0.2219049036502838,2.6549041271209717,13.975000381469727,1.481783151626587,142.203125,146.90000915527344,-97.7353843,30.2883016
1770950852103690500,166.0346904296875,39.559757232666016,0.2625591456890106,2.6549041271209717,13.706000328063965,1.4828745126724243,142.63514709472656,146.90000915527344,-97.7353783,30.2882969
1770950852662681600,166.593681640625,38.38570022583008,0.27109643816947937,2.715955972671509,13.670000076293945,1.4974879026412964,144.47401428222656,146.90000915527344,-97.7353725,30.2882916
1770950853183502600,167.11450268554688,38.32931900024414,0.3083758056163788,2.715955972671509,13.428999900817871,1.5007812976837158,145.12559509277344,146.90000915527344,-97.7353676,30.2882864
1770950853724935700,167.65593579101562,37.583290100097656,0.28393056988716125,2.763897657394409,13.467000007629395,1.5320303440093994,144.66064453125,144.8000030517578,-97.7353625,30.2882811
1770950854265285400,168.19628540039062,36.59353256225586,0.3208059072494507,2.763897657394409,13.03499984741211,1.5392141342163086,144.1661376953125,144.8000030517578,-97.7353574,30.2882756
1770950854720498400,168.65149853515624,36.70130157470703,0.23614941537380219,2.7943613529205322,13.241000175476074,1.5312750339508057,142.8609619140625,144.8000030517578,-97.7353533,30.2882714
1770950855348081200,169.2790810546875,37.51093292236328,0.3203173875808716,2.7943613529205322,13.411999702453613,1.5335845947265625,136.4971923828125,144.8000030517578,-97.735347,30.2882655
1770950855963357700,169.89435766601562,38.13964080810547,0.2727847993373871,2.8265814781188965,14.043000221252441,1.643588662147522,117.09207916259766,144.8000030517578,-97.7353387,30.2882616
1770950856560919600,170.49191943359375,38.291748046875,0.2392856478691101,2.8265814781188965,14.697999954223633,1.3517515659332275,69.18962097167969,144.8000030517578,-97.7353307,30.2882645
1770950857119171000,171.05017114257814,38.22328186035156,0.2784472703933716,2.837242364883423,15.27400016784668,1.4150731563568115,24.840608596801758,144.8000030517578,-97.7353272,30.2882716
1770950858130958300,172.06195825195311,38.856414794921875,0.3018577992916107,2.2927534580230713,15.376999855041504,1.409885287284851,316.2420654296875,144.8000030517578,-97.7353423,30.2882825
1770950858323523800,172.25452392578126,33.66114044189453,0.30561864376068115,2.2927534580230713,15.611000061035156,1.3982748985290527,318.01788330078125,144.8000030517578,-97.7353355,30.2882831
1770950859567128800,173.49812890625,30.774290084838867,0.23218205571174622,2.300574541091919,15.50100040435791,1.2284029722213745,324.8745422363281,142.3000030517578,-97.7353399,30.2882878
1770950860325248800,174.25624877929687,30.637893676757812,0.2702961266040802,2.300574541091919,14.890999794006348,1.192642092704773,327.59588623046875,142.3000030517578,-97.7353429,30.2882924
1770950861048352800,174.97935278320313,31.14147186279297,0.2846545875072479,2.3087899684906006,13.807999610900879,1.1317695379257202,326.794677734375,142.3000030517578,-97.7353464,30.2882973
1770950861949728800,175.88072875976562,30.98373031616211,0.2642296850681305,2.3087899684906006,12.758000373840332,1.0522319078445435,327.41815185546875,142.3000030517578,-97.7353512,30.2883035
1770950862688978400,176.619978515625,31.095746994018555,0.30665040016174316,2.317910671234131,11.751999855041504,0.9814812541007996,326.23455810546875,142.3000030517578,-97.7353542,30.2883081
1770950863608426800,177.5394267578125,30.641191482543945,0.3225097060203552,2.317910671234131,11.571000099182129,0.8864139914512634,327.9172668457031,142.3000030517578,-97.735358,30.2883132
1770950864365432800,178.29643286132813,30.724328994750977,0.37277987599372864,2.3275933265686035,11.579000473022461,0.8833611607551575,328.95074462890625,142.3000030517578,-97.735361,30.2883176
1770950866043853800,179.97485375976564,33.55472183227539,0.37902945280075073,2.337049722671509,11.517000198364258,0.641566812992096,328.02581787109375,142.3000030517578,-97.7353659,30.2883237
1770950866438870800,180.36987084960938,33.4771842956543,0.37902945280075073,2.0255990028381348,11.522000312805176,0.614220380783081,327.46295166015625,144.8000030517578,-97.7353645,30.2883206
1770950867722682400,181.65368237304688,33.657073974609375,0.3475889563560486,2.0318703651428223,11.133000373840332,0.5322453379631042,329.6312255859375,144.8000030517578,-97.7353648,30.2883228
1770950868683362300,182.6143623046875,32.00012969970703,0.3480354845523834,2.0318703651428223,10.536999702453613,0.4583790600299835,333.4339294433594,144.8000030517578,-97.735365,30.2883224
1770950869384062200,183.31506225585937,33.17670822143555,0.3701081871986389,2.0400288105010986,10.095000267028809,0.4649477005004883,335.07476806640625,144.8000030517578,-97.7353659,30.2883237
1770950870928992000,184.85999194335938,31.241336822509766,0.35336849093437195,2.0483627319335938,10.14799976348877,0.4733826518058777,344.17828369140625,144.8000030517578,-97.7353677,30.2883285
1770950872228289300,186.15928930664063,30.288450241088867,0.40374186635017395,2.0516750812530518,10.067000389099121,0.6198866367340088,346.3697509765625,144.8000030517578,-97.7353693,30.288337
1770950873328447000,187.25944702148436,30.480093002319336,0.3985723555088043,2.0566587448120117,10.579000473022461,0.8458397388458252,339.86614990234375,144.8000030517578,-97.735372,30.28835
1770950874428093700,188.35909375,29.88431167602539,0.3225015103816986,2.0639357566833496,11.520000457763672,1.055625081062317,327.02227783203125,144.8000030517578,-97.7353779,30.2883664
1770950874632922600,188.5639226074219,27.681900024414062,0.2159482091665268,3.1060330867767334,11.776000022888184,1.2042282819747925,314.41754150390625,144.78814093344508,-97.7353856,30.288384
1770950875082335200,189.01333520507814,23.63161849975586,0.24804607033729553,3.1060330867767334,11.588000297546387,1.1968764066696167,313.2940979003906,144.78814093344508,-97.7353806,30.288385
1770950875660389600,189.5913896484375,23.718616485595703,0.22198393940925598,3.1060330867767334,11.479000091552734,1.2040743827819824,303.8540954589844,144.78814093344508,-97.7353818,30.2883856
1770950877122396000,191.05339599609374,22.224958419799805,0.29380083084106445,3.116025686264038,11.425999641418457,1.1855871677398682,282.2347412109375,146.90000915527344,-97.7353956,30.2883901
1770950878562870000,192.4938701171875,24.012577056884766,0.2424270659685135,3.124112844467163,11.394000053405762,1.0143144130706787,277.38604736328125,146.90000915527344,-97.7354093,30.2883906
1770950879361209000,193.292208984375,22.423425674438477,0.3062482178211212,3.124112844467163,11.473999977111816,1.002092719078064,276.8792724609375,146.90000915527344,-97.7354163,30.2883903
1770950879918651100,193.84965112304687,24.11256980895996,0.28215155005455017,3.1316347122192383,11.380999565124512,0.9631134867668152,276.53125,146.90000915527344,-97.7354212,30.2883897
1770950880459615000,194.39061499023438,23.67746353149414,0.3013371229171753,3.1316347122192383,11.651000022888184,0.9601091742515564,279.67364501953125,146.90000915527344,-97.735426,30.2883897
